<?xml version="1.0" encoding="UTF-8"?>
<deploy xmlns="http://www.apache.org/ode/schemas/dd/2007/03" xmlns:sample="http://wso2.org/bps/sample" xmlns:sample_1="http://eclipse.org/bpel/sample">
  <process name="sample:AdderAndSubProcess">
    <active>true</active>
    <retired>false</retired>
    <process-events generate="all"/>
    <provide partnerLink="client">
      <service name="sample:AdderAndSubProcess" port="AdderAndSubProcessPort"/>
    </provide>
  </process>
  <process name="sample_1:HelloWorldBPELProcess"/>
</deploy>